"priority","workstream","data_item","minimum_requirement","preferred_requirement","unit_or_format","likely_holder","decision_use","status"
"1","Wind and dispatch","LTWP gross wind generation","Hourly or finer for at least 12 continuous months","15-minute or finer for 3-5 years with meter and SCADA reconciliation","MW and MWh with UTC timestamps","LTWP operator","Separate available resource from metered export and curtailment","not_obtained"
"1","Wind and dispatch","Wind availability and turbine outage data","Interval plant availability and forced/planned outage flags","Per-turbine SCADA with availability definitions and event codes","MW, percent and outage codes with UTC timestamps","LTWP operator","Derive available generation without confusing it with exported energy","not_obtained"
"1","Wind and dispatch","Curtailment instructions and settlement","Interval curtailment MW/MWh with cause and instruction ID","Reconciled against dispatch logs, settlement meters and invoices","MW, MWh, cause, instruction ID and UTC timestamps","System operator and LTWP","Attribute curtailment and test whether solar could use spare export headroom","not_obtained"
"1","Grid","Point-of-connection limit and agreements","Executed connection agreement and documented active export limit","Time-varying limits and amendments with meter point identified","MW, single-line diagram and agreement","LTWP, KETRACO and system operator","Set evidence-based export_limit_mw","not_obtained"
"1","Grid","Grid studies and contingency constraints","Approved load-flow, stability, protection and N-1 studies","Hybrid wind-plus-solar cases under normal and outage conditions","Study files, assumptions and result tables","KETRACO, system operator and LTWP","Test deliverability and identify upgrade requirements","not_obtained"
"1","Grid","Outages and planned network works","At least 12 months of outage/constraint history and planned works","Multi-year causes, durations and effect on available export","UTC timestamps, MW and event descriptions","Transmission owner and system operator","Stress availability and export limit by interval","not_obtained"
"1","Grid","Lessos-Loosuk route status","Current project schedule, approvals, scope and operating assumptions","Commissioning evidence and approved transfer/dispatch limits","Official project records and studies","KETRACO","Include as a live grid case only after status and limits are verified","not_obtained"
"1","Solar yield","Native PVsyst project and report","Native project version with coordinates and monthly outputs","Independent yield review with long-term correction and P50/P90 uncertainty","PVsyst native file, report and source weather data","Study author or yield consultant","Validate annual energy and modelled solar_available_mw","not_obtained"
"1","Solar yield","Weather resource files","Source provider, period, coordinates and quality checks","Multi-year hourly GHI, DNI, DHI, temperature and wind at site with long-term correction","Hourly meteorological series with UTC timestamps","Yield consultant and data provider","Establish weather provenance and seasonal/interannual risk","not_obtained"
"1","Solar yield","PV design and loss assumptions","DC/AC sizing, module, inverter, tilt, orientation, shading and loss diagram","Hourly output for matched years with degradation, availability and clipping","MWp, MWac, percent and hourly MW","Project engineer and yield consultant","Convert irradiation into defensible net output","not_obtained"
"1","Offtake and PPA","Existing LTWP PPA and amendments","Relevant clauses on seller, buyer, energy definition, dispatch and curtailment","Full contract plus consent/licence and legal review","Executed contract and amendments with authorised access","LTWP and counsel","Check whether any rights can apply to solar","not_obtained"
"1","Offtake and PPA","Solar revenue route and term sheet","Written confirmation of buyer route, tariff, term and asset coverage","Indicative or approved term sheet and draft PPA with security","USD/MWh or KES/kWh, tenor and payment terms","LTWP, KPLC and counsel","Calculate contracted solar revenue and payment risk","not_obtained"
"1","Offtake and PPA","Payment and curtailment protections","Payment security, remedies, deemed-energy rules, allocation and exclusions","Executed clauses plus buyer credit evidence and settlement examples","LC, escrow or guarantee terms, legal documents and settlement records","Buyer, LTWP and counsel","Model cash-flow certainty and downside revenue","not_obtained"
"2","Project costs","Connection and shared-facility costs","Itemised estimate for bay, metering, protection, upgrades and shared assets","Contractor/owner quotations and agreed cost allocation","USD or KES estimate by scope and schedule","LTWP, EPC and KETRACO","Quantify whether shared infrastructure creates net savings","not_obtained"
"2","Project costs","EPC and owner costs","Indicative CAPEX with scope, taxes, duties, contingency and development costs","Competitive quotes and draft EPC/O&M contracts","USD or KES by package and payment timing","Sponsor, EPC and advisers","Build project cost and downside cases","not_obtained"
"2","Project costs","O&M, land, insurance and replacements","Annual OPEX plus major maintenance, inverter replacement and shared services","Contractor bids and land/facility agreements","USD or KES per year and escalation","LTWP, EPC and landowner","Build lifecycle cost and CFADS","not_obtained"
"2","Financing","Debt and equity terms","Indicative rate, currency, tenor, fees, grace and repayment profile","Lender term sheet including DSRA, covenants and hedge terms","Term sheet with currency and date convention","Lenders and sponsor","Size debt and test DSCR, LLCR and equity returns","not_obtained"
